Zip Code	State	County
94501	CA	Alameda County
94560	CA	Alameda County
94577	CA	Alameda County
94578	CA	Alameda County
94550	CA	Alameda County
94611	CA	Alameda County
94705	CA	Alameda County
94505	CA	Alameda County
94568	CA	Alameda County
94551	CA	Alameda County
94586	CA	Alameda County
94702	CA	Alameda County
94709	CA	Alameda County
94662	CA	Alameda County
94514	CA	Alameda County
94544	CA	Alameda County
94566	CA	Alameda County
94608	CA	Alameda County
94609	CA	Alameda County
94707	CA	Alameda County
94604	CA	Alameda County
95035	CA	Alameda County
94543	CA	Alameda County
94614	CA	Alameda County
94712	CA	Alameda County
94540	CA	Alameda County
94541	CA	Alameda County
94555	CA	Alameda County
94579	CA	Alameda County
94612	CA	Alameda County
94601	CA	Alameda County
94623	CA	Alameda County
94536	CA	Alameda County
94552	CA	Alameda County
94621	CA	Alameda County
94703	CA	Alameda County
95377	CA	Alameda County
94708	CA	Alameda County
94620	CA	Alameda County
94615	CA	Alameda County
94546	CA	Alameda County
94588	CA	Alameda County
94603	CA	Alameda County
94605	CA	Alameda County
94606	CA	Alameda County
94704	CA	Alameda County
94619	CA	Alameda County
94706	CA	Alameda County
94557	CA	Alameda County
94539	CA	Alameda County
94542	CA	Alameda County
94587	CA	Alameda County
94545	CA	Alameda County
94607	CA	Alameda County
94618	CA	Alameda County
94602	CA	Alameda County
94720	CA	Alameda County
95391	CA	Alameda County
94701	CA	Alameda County
94661	CA	Alameda County
94613	CA	Alameda County
94502	CA	Alameda County
94538	CA	Alameda County
94580	CA	Alameda County
94610	CA	Alameda County
94710	CA	Alameda County
94537	CA	Alameda County
94624	CA	Alameda County
94666	CA	Alameda County
96120	CA	Alpine County
95223	CA	Alpine County
95666	CA	Amador County
95675	CA	Amador County
95669	CA	Amador County
95699	CA	Amador County
95646	CA	Amador County
95640	CA	Amador County
95629	CA	Amador County
95689	CA	Amador County
95685	CA	Amador County
95654	CA	Amador County
95665	CA	Amador County
95601	CA	Amador County
95642	CA	Amador County
95917	CA	Butte County
95940	CA	Butte County
95929	CA	Butte County
95954	CA	Butte County
95926	CA	Butte County
95901	CA	Butte County
95973	CA	Butte County
95914	CA	Butte County
95948	CA	Butte County
95927	CA	Butte County
95942	CA	Butte County
95967	CA	Butte County
95968	CA	Butte County
95958	CA	Butte County
95974	CA	Butte County
95916	CA	Butte County
95930	CA	Butte County
95969	CA	Butte County
95938	CA	Butte County
95941	CA	Butte County
95976	CA	Butte County
95965	CA	Butte County
95978	CA	Butte County
95928	CA	Butte County
95966	CA	Butte County
95228	CA	Calaveras County
95246	CA	Calaveras County
95255	CA	Calaveras County
95251	CA	Calaveras County
95248	CA	Calaveras County
95229	CA	Calaveras County
95223	CA	Calaveras County
95221	CA	Calaveras County
95226	CA	Calaveras County
95222	CA	Calaveras County
95232	CA	Calaveras County
95249	CA	Calaveras County
95233	CA	Calaveras County
95225	CA	Calaveras County
95252	CA	Calaveras County
95247	CA	Calaveras County
95245	CA	Calaveras County
95254	CA	Calaveras County
95224	CA	Calaveras County
95236	CA	Calaveras County
95230	CA	Calaveras County
95257	CA	Calaveras County
95645	CA	Colusa County
95955	CA	Colusa County
95988	CA	Colusa County
95957	CA	Colusa County
95970	CA	Colusa County
95979	CA	Colusa County
95939	CA	Colusa County
95950	CA	Colusa County
95912	CA	Colusa County
95932	CA	Colusa County
95987	CA	Colusa County
94509	CA	Contra Costa County
94519	CA	Contra Costa County
94553	CA	Contra Costa County
94561	CA	Contra Costa County
94611	CA	Contra Costa County
94598	CA	Contra Costa County
94524	CA	Contra Costa County
94526	CA	Contra Costa County
94505	CA	Contra Costa County
94568	CA	Contra Costa County
94551	CA	Contra Costa County
94582	CA	Contra Costa County
94547	CA	Contra Costa County
94522	CA	Contra Costa County
94570	CA	Contra Costa County
94513	CA	Contra Costa County
94514	CA	Contra Costa County
94525	CA	Contra Costa County
94565	CA	Contra Costa County
94707	CA	Contra Costa County
94804	CA	Contra Costa County
94850	CA	Contra Costa County
94549	CA	Contra Costa County
94805	CA	Contra Costa County
94806	CA	Contra Costa County
94530	CA	Contra Costa County
94564	CA	Contra Costa County
94583	CA	Contra Costa County
94803	CA	Contra Costa County
94708	CA	Contra Costa County
94575	CA	Contra Costa County
94518	CA	Contra Costa County
94520	CA	Contra Costa County
94521	CA	Contra Costa County
94531	CA	Contra Costa County
94507	CA	Contra Costa County
94572	CA	Contra Costa County
94588	CA	Contra Costa County
94596	CA	Contra Costa County
94706	CA	Contra Costa County
94511	CA	Contra Costa County
94516	CA	Contra Costa County
94569	CA	Contra Costa County
94517	CA	Contra Costa County
94506	CA	Contra Costa County
94563	CA	Contra Costa County
94801	CA	Contra Costa County
94802	CA	Contra Costa County
94820	CA	Contra Costa County
94807	CA	Contra Costa County
94523	CA	Contra Costa County
94556	CA	Contra Costa County
94595	CA	Contra Costa County
94597	CA	Contra Costa County
94548	CA	Contra Costa County
94528	CA	Contra Costa County
95538	CA	Del Norte County
95543	CA	Del Norte County
95567	CA	Del Norte County
95548	CA	Del Norte County
95532	CA	Del Norte County
95531	CA	Del Norte County
95666	CA	El Dorado County
95656	CA	El Dorado County
96155	CA	El Dorado County
95634	CA	El Dorado County
95726	CA	El Dorado County
96158	CA	El Dorado County
95629	CA	El Dorado County
95672	CA	El Dorado County
95682	CA	El Dorado County
95613	CA	El Dorado County
95684	CA	El Dorado County
95720	CA	El Dorado County
96150	CA	El Dorado County
95614	CA	El Dorado County
95667	CA	El Dorado County
95635	CA	El Dorado County
95636	CA	El Dorado County
95623	CA	El Dorado County
95619	CA	El Dorado County
95664	CA	El Dorado County
95735	CA	El Dorado County
96151	CA	El Dorado County
95762	CA	El Dorado County
95709	CA	El Dorado County
95633	CA	El Dorado County
95651	CA	El Dorado County
96142	CA	El Dorado County
95721	CA	El Dorado County
93625	CA	Fresno County
93619	CA	Fresno County
93647	CA	Fresno County
93613	CA	Fresno County
93776	CA	Fresno County
93778	CA	Fresno County
93707	CA	Fresno County
93709	CA	Fresno County
93720	CA	Fresno County
93675	CA	Fresno County
93650	CA	Fresno County
93664	CA	Fresno County
93716	CA	Fresno County
93777	CA	Fresno County
93708	CA	Fresno County
93741	CA	Fresno County
93634	CA	Fresno County
93761	CA	Fresno County
93727	CA	Fresno County
93611	CA	Fresno County
93612	CA	Fresno County
93609	CA	Fresno County
93640	CA	Fresno County
93641	CA	Fresno County
93626	CA	Fresno County
93628	CA	Fresno County
93711	CA	Fresno County
93722	CA	Fresno County
93701	CA	Fresno County
93714	CA	Fresno County
93794	CA	Fresno County
93234	CA	Fresno County
93718	CA	Fresno County
93760	CA	Fresno County
93786	CA	Fresno County
93888	CA	Fresno County
93744	CA	Fresno County
93620	CA	Fresno County
93747	CA	Fresno County
93603	CA	Fresno County
93729	CA	Fresno County
93621	CA	Fresno County
93654	CA	Fresno County
93662	CA	Fresno County
93702	CA	Fresno County
93656	CA	Fresno County
93657	CA	Fresno County
93792	CA	Fresno County
93740	CA	Fresno County
93606	CA	Fresno County
93764	CA	Fresno County
93627	CA	Fresno County
93704	CA	Fresno County
93705	CA	Fresno County
93726	CA	Fresno County
93703	CA	Fresno County
93710	CA	Fresno County
93728	CA	Fresno County
93630	CA	Fresno County
93637	CA	Fresno County
93772	CA	Fresno County
93706	CA	Fresno County
93616	CA	Fresno County
93715	CA	Fresno County
93660	CA	Fresno County
93668	CA	Fresno County
93712	CA	Fresno County
93779	CA	Fresno County
93725	CA	Fresno County
93618	CA	Fresno County
93646	CA	Fresno County
93648	CA	Fresno County
93631	CA	Fresno County
93773	CA	Fresno County
93793	CA	Fresno County
93844	CA	Fresno County
93624	CA	Fresno County
93642	CA	Fresno County
93723	CA	Fresno County
93602	CA	Fresno County
93622	CA	Fresno County
93724	CA	Fresno County
93771	CA	Fresno County
93717	CA	Fresno County
93775	CA	Fresno County
93649	CA	Fresno County
93605	CA	Fresno County
93765	CA	Fresno County
93210	CA	Fresno County
93745	CA	Fresno County
93608	CA	Fresno County
93242	CA	Fresno County
93730	CA	Fresno County
93737	CA	Fresno County
93755	CA	Fresno County
93774	CA	Fresno County
93721	CA	Fresno County
93667	CA	Fresno County
93651	CA	Fresno County
93652	CA	Fresno County
93791	CA	Fresno County
93790	CA	Fresno County
93750	CA	Fresno County
95951	CA	Glenn County
95963	CA	Glenn County
95913	CA	Glenn County
95988	CA	Glenn County
95943	CA	Glenn County
95970	CA	Glenn County
95939	CA	Glenn County
95920	CA	Glenn County
95540	CA	Humboldt County
95560	CA	Humboldt County
95550	CA	Humboldt County
95563	CA	Humboldt County
95501	CA	Humboldt County
95524	CA	Humboldt County
95528	CA	Humboldt County
95565	CA	Humboldt County
95518	CA	Humboldt County
95521	CA	Humboldt County
95570	CA	Humboldt County
95526	CA	Humboldt County
95546	CA	Humboldt County
95589	CA	Humboldt County
95564	CA	Humboldt County
95547	CA	Humboldt County
95559	CA	Humboldt County
95542	CA	Humboldt County
95551	CA	Humboldt County
95514	CA	Humboldt County
95503	CA	Humboldt County
95519	CA	Humboldt County
95536	CA	Humboldt County
95511	CA	Humboldt County
95502	CA	Humboldt County
95555	CA	Humboldt County
95571	CA	Humboldt County
95545	CA	Humboldt County
95556	CA	Humboldt County
95562	CA	Humboldt County
95558	CA	Humboldt County
95549	CA	Humboldt County
95587	CA	Humboldt County
95573	CA	Humboldt County
95537	CA	Humboldt County
95525	CA	Humboldt County
95554	CA	Humboldt County
95568	CA	Humboldt County
95569	CA	Humboldt County
95534	CA	Humboldt County
95553	CA	Humboldt County
92243	CA	Imperial County
92266	CA	Imperial County
92275	CA	Imperial County
92250	CA	Imperial County
92231	CA	Imperial County
92251	CA	Imperial County
92273	CA	Imperial County
92257	CA	Imperial County
92233	CA	Imperial County
92244	CA	Imperial County
92222	CA	Imperial County
92227	CA	Imperial County
92274	CA	Imperial County
92281	CA	Imperial County
92225	CA	Imperial County
92232	CA	Imperial County
92259	CA	Imperial County
92249	CA	Imperial County
92283	CA	Imperial County
93549	CA	Inyo County
93526	CA	Inyo County
92328	CA	Inyo County
93515	CA	Inyo County
93545	CA	Inyo County
93513	CA	Inyo County
93514	CA	Inyo County
93530	CA	Inyo County
92384	CA	Inyo County
93522	CA	Inyo County
93527	CA	Inyo County
92389	CA	Inyo County
93304	CA	Kern County
93390	CA	Kern County
93560	CA	Kern County
93504	CA	Kern County
93581	CA	Kern County
93385	CA	Kern County
93285	CA	Kern County
93380	CA	Kern County
93205	CA	Kern County
93243	CA	Kern County
93220	CA	Kern County
93307	CA	Kern County
93388	CA	Kern County
93215	CA	Kern County
93283	CA	Kern County
93386	CA	Kern County
93556	CA	Kern County
93287	CA	Kern County
93306	CA	Kern County
93311	CA	Kern County
93555	CA	Kern County
93203	CA	Kern County
93250	CA	Kern County
93206	CA	Kern County
93384	CA	Kern County
93502	CA	Kern County
93255	CA	Kern County
93226	CA	Kern County
93528	CA	Kern County
93301	CA	Kern County
93308	CA	Kern County
93305	CA	Kern County
93302	CA	Kern County
93505	CA	Kern County
93561	CA	Kern County
93461	CA	Kern County
93268	CA	Kern County
93241	CA	Kern County
93263	CA	Kern County
93518	CA	Kern County
93249	CA	Kern County
93303	CA	Kern County
93222	CA	Kern County
93312	CA	Kern County
93501	CA	Kern County
93523	CA	Kern County
93240	CA	Kern County
93238	CA	Kern County
93251	CA	Kern County
93313	CA	Kern County
93536	CA	Kern County
93516	CA	Kern County
93219	CA	Kern County
93224	CA	Kern County
93252	CA	Kern County
93554	CA	Kern County
93309	CA	Kern County
93387	CA	Kern County
93524	CA	Kern County
93531	CA	Kern County
93276	CA	Kern County
93314	CA	Kern County
93527	CA	Kern County
93225	CA	Kern County
93280	CA	Kern County
93389	CA	Kern County
93239	CA	Kings County
93266	CA	Kings County
93656	CA	Kings County
93274	CA	Kings County
93246	CA	Kings County
93204	CA	Kings County
93230	CA	Kings County
93631	CA	Kings County
93212	CA	Kings County
93202	CA	Kings County
93232	CA	Kings County
93245	CA	Kings County
93242	CA	Kings County
95457	CA	Lake County
95423	CA	Lake County
95424	CA	Lake County
95451	CA	Lake County
95467	CA	Lake County
95485	CA	Lake County
95422	CA	Lake County
95458	CA	Lake County
95453	CA	Lake County
95461	CA	Lake County
95435	CA	Lake County
95464	CA	Lake County
95443	CA	Lake County
95426	CA	Lake County
95469	CA	Lake County
95493	CA	Lake County
96114	CA	Lassen County
96121	CA	Lassen County
96128	CA	Lassen County
96132	CA	Lassen County
96136	CA	Lassen County
96119	CA	Lassen County
96109	CA	Lassen County
96009	CA	Lassen County
96127	CA	Lassen County
96117	CA	Lassen County
96130	CA	Lassen County
96056	CA	Lassen County
96068	CA	Lassen County
96137	CA	Lassen County
96113	CA	Lassen County
96123	CA	Lassen County
90013	CA	Los Angeles County
90232	CA	Los Angeles County
90067	CA	Los Angeles County
90254	CA	Los Angeles County
90305	CA	Los Angeles County
90409	CA	Los Angeles County
90723	CA	Los Angeles County
90749	CA	Los Angeles County
90710	CA	Los Angeles County
90507	CA	Los Angeles County
90043	CA	Los Angeles County
90059	CA	Los Angeles County
91101	CA	Los Angeles County
91202	CA	Los Angeles County
91008	CA	Los Angeles County
91304	CA	Los Angeles County
91328	CA	Los Angeles County
91307	CA	Los Angeles County
93560	CA	Los Angeles County
91384	CA	Los Angeles County
91405	CA	Los Angeles County
91345	CA	Los Angeles County
91350	CA	Los Angeles County
90670	CA	Los Angeles County
90660	CA	Los Angeles County
90638	CA	Los Angeles County
91711	CA	Los Angeles County
91755	CA	Los Angeles County
91791	CA	Los Angeles County
91770	CA	Los Angeles County
91780	CA	Los Angeles County
90051	CA	Los Angeles County
91025	CA	Los Angeles County
91778	CA	Los Angeles County
91614	CA	Los Angeles County
91066	CA	Los Angeles County
91327	CA	Los Angeles County
93243	CA	Los Angeles County
91407	CA	Los Angeles County
90310	CA	Los Angeles County
91603	CA	Los Angeles County
90306	CA	Los Angeles County
91021	CA	Los Angeles County
90822	CA	Los Angeles County
91123	CA	Los Angeles County
91129	CA	Los Angeles County
91804	CA	Los Angeles County
90017	CA	Los Angeles County
90021	CA	Los Angeles County
90210	CA	Los Angeles County
90071	CA	Los Angeles County
90266	CA	Los Angeles County
90265	CA	Los Angeles County
90401	CA	Los Angeles County
90503	CA	Los Angeles County
90267	CA	Los Angeles County
90505	CA	Los Angeles County
90748	CA	Los Angeles County
90039	CA	Los Angeles County
90033	CA	Los Angeles County
90065	CA	Los Angeles County
90058	CA	Los Angeles County
91016	CA	Los Angeles County
91030	CA	Los Angeles County
91105	CA	Los Angeles County
91207	CA	Los Angeles County
91343	CA	Los Angeles County
91605	CA	Los Angeles County
91601	CA	Los Angeles County
91504	CA	Los Angeles County
93550	CA	Los Angeles County
93534	CA	Los Angeles County
93552	CA	Los Angeles County
93553	CA	Los Angeles County
91387	CA	Los Angeles County
91386	CA	Los Angeles County
90604	CA	Los Angeles County
90605	CA	Los Angeles County
90606	CA	Los Angeles County
91723	CA	Los Angeles County
91734	CA	Los Angeles County
91750	CA	Los Angeles County
91801	CA	Los Angeles County
91773	CA	Los Angeles County
91790	CA	Los Angeles County
90052	CA	Los Angeles County
90840	CA	Los Angeles County
91210	CA	Los Angeles County
91322	CA	Los Angeles County
91003	CA	Los Angeles County
91310	CA	Los Angeles County
93584	CA	Los Angeles County
90408	CA	Los Angeles County
90734	CA	Los Angeles County
91226	CA	Los Angeles County
91385	CA	Los Angeles County
91503	CA	Los Angeles County
90506	CA	Los Angeles County
90651	CA	Los Angeles County
90084	CA	Los Angeles County
91714	CA	Los Angeles County
91772	CA	Los Angeles County
90662	CA	Los Angeles County
91899	CA	Los Angeles County
91329	CA	Los Angeles County
91522	CA	Los Angeles County
91495	CA	Los Angeles County
90012	CA	Los Angeles County
90019	CA	Los Angeles County
90024	CA	Los Angeles County
90005	CA	Los Angeles County
90010	CA	Los Angeles County
90023	CA	Los Angeles County
90231	CA	Los Angeles County
90245	CA	Los Angeles County
90249	CA	Los Angeles County
90066	CA	Los Angeles County
90201	CA	Los Angeles County
90240	CA	Los Angeles County
90262	CA	Los Angeles County
90091	CA	Los Angeles County
90275	CA	Los Angeles County
90716	CA	Los Angeles County
90745	CA	Los Angeles County
90701	CA	Los Angeles County
90755	CA	Los Angeles County
90806	CA	Los Angeles County
90036	CA	Los Angeles County
90038	CA	Los Angeles County
90040	CA	Los Angeles County
90032	CA	Los Angeles County
90049	CA	Los Angeles County
90061	CA	Los Angeles County
91020	CA	Los Angeles County
91040	CA	Los Angeles County
91201	CA	Los Angeles County
91301	CA	Los Angeles County
91604	CA	Los Angeles County
91606	CA	Los Angeles County
91609	CA	Los Angeles County
93543	CA	Los Angeles County
91361	CA	Los Angeles County
91381	CA	Los Angeles County
91390	CA	Los Angeles County
91403	CA	Los Angeles County
91352	CA	Los Angeles County
91364	CA	Los Angeles County
91423	CA	Los Angeles County
91501	CA	Los Angeles County
90650	CA	Los Angeles County
90609	CA	Los Angeles County
91740	CA	Los Angeles County
91745	CA	Los Angeles County
91709	CA	Los Angeles County
91731	CA	Los Angeles County
91767	CA	Los Angeles County
91793	CA	Los Angeles County
90714	CA	Los Angeles County
91043	CA	Los Angeles County
91117	CA	Los Angeles County
93591	CA	Los Angeles County
90711	CA	Los Angeles County
90060	CA	Los Angeles County
91341	CA	Los Angeles County
91346	CA	Los Angeles County
91610	CA	Los Angeles County
93586	CA	Los Angeles County
91305	CA	Los Angeles County
91222	CA	Los Angeles County
91199	CA	Los Angeles County
91496	CA	Los Angeles County
91612	CA	Los Angeles County
91523	CA	Los Angeles County
91482	CA	Los Angeles County
90661	CA	Los Angeles County
91371	CA	Los Angeles County
91185	CA	Los Angeles County
90022	CA	Los Angeles County
90014	CA	Los Angeles County
90230	CA	Los Angeles County
90239	CA	Los Angeles County
90247	CA	Los Angeles County
90241	CA	Los Angeles County
90248	CA	Los Angeles County
90213	CA	Los Angeles County
90304	CA	Los Angeles County
90274	CA	Los Angeles County
90290	CA	Los Angeles County
90405	CA	Los Angeles County
90732	CA	Los Angeles County
90713	CA	Los Angeles County
90715	CA	Los Angeles County
90804	CA	Los Angeles County
90702	CA	Los Angeles County
90047	CA	Los Angeles County
90064	CA	Los Angeles County
90063	CA	Los Angeles County
91006	CA	Los Angeles County
90810	CA	Los Angeles County
91001	CA	Los Angeles County
91204	CA	Los Angeles County
91115	CA	Los Angeles County
91108	CA	Los Angeles County
90002	CA	Los Angeles County
91206	CA	Los Angeles County
91340	CA	Los Angeles County
91342	CA	Los Angeles County
91208	CA	Los Angeles County
91344	CA	Los Angeles County
91334	CA	Los Angeles County
91617	CA	Los Angeles County
93532	CA	Los Angeles County
91351	CA	Los Angeles County
91436	CA	Los Angeles County
91502	CA	Los Angeles County
90640	CA	Los Angeles County
91733	CA	Los Angeles County
91710	CA	Los Angeles County
91748	CA	Los Angeles County
90009	CA	Los Angeles County
90202	CA	Los Angeles County
91372	CA	Los Angeles County
91102	CA	Los Angeles County
91118	CA	Los Angeles County
91508	CA	Los Angeles County
91769	CA	Los Angeles County
90095	CA	Los Angeles County
90607	CA	Los Angeles County
90070	CA	Los Angeles County
90251	CA	Los Angeles County
93563	CA	Los Angeles County
91046	CA	Los Angeles County
90074	CA	Los Angeles County
90899	CA	Los Angeles County
90639	CA	Los Angeles County
90833	CA	Los Angeles County
90671	CA	Los Angeles County
90016	CA	Los Angeles County
90018	CA	Los Angeles County
90020	CA	Los Angeles County
90007	CA	Los Angeles County
90220	CA	Los Angeles County
90069	CA	Los Angeles County
90303	CA	Los Angeles County
90501	CA	Los Angeles County
90295	CA	Los Angeles County
90504	CA	Los Angeles County
90042	CA	Los Angeles County
90034	CA	Los Angeles County
90815	CA	Los Angeles County
90853	CA	Los Angeles County
91024	CA	Los Angeles County
91042	CA	Los Angeles County
91203	CA	Los Angeles County
90003	CA	Los Angeles County
91306	CA	Los Angeles County
91302	CA	Los Angeles County
91330	CA	Los Angeles County
91506	CA	Los Angeles County
91608	CA	Los Angeles County
93535	CA	Los Angeles County
91367	CA	Los Angeles County
91355	CA	Los Angeles County
90602	CA	Los Angeles County
91722	CA	Los Angeles County
91744	CA	Los Angeles County
91702	CA	Los Angeles County
91747	CA	Los Angeles County
91746	CA	Los Angeles County
91754	CA	Los Angeles County
91768	CA	Los Angeles County
91765	CA	Los Angeles County
90309	CA	Los Angeles County
91209	CA	Los Angeles County
91510	CA	Los Angeles County
90637	CA	Los Angeles County
91802	CA	Los Angeles County
91416	CA	Los Angeles County
90086	CA	Los Angeles County
90093	CA	Los Angeles County
90308	CA	Los Angeles County
91426	CA	Los Angeles County
91353	CA	Los Angeles County
91771	CA	Los Angeles County
90054	CA	Los Angeles County
91404	CA	Los Angeles County
91394	CA	Los Angeles County
91188	CA	Los Angeles County
91716	CA	Los Angeles County
90846	CA	Los Angeles County
91382	CA	Los Angeles County
90011	CA	Los Angeles County
90004	CA	Los Angeles County
90008	CA	Los Angeles County
90026	CA	Los Angeles County
90028	CA	Los Angeles County
90068	CA	Los Angeles County
90260	CA	Los Angeles County
90211	CA	Los Angeles County
90075	CA	Los Angeles County
90278	CA	Los Angeles County
90301	CA	Los Angeles County
90302	CA	Los Angeles County
90294	CA	Los Angeles County
90291	CA	Los Angeles County
90404	CA	Los Angeles County
90744	CA	Los Angeles County
90746	CA	Los Angeles County
90510	CA	Los Angeles County
90805	CA	Los Angeles County
90703	CA	Los Angeles County
90041	CA	Los Angeles County
90046	CA	Los Angeles County
90035	CA	Los Angeles County
91103	CA	Los Angeles County
90813	CA	Los Angeles County
90814	CA	Los Angeles County
91107	CA	Los Angeles County
91114	CA	Los Angeles County
91106	CA	Los Angeles County
90001	CA	Los Angeles County
91205	CA	Los Angeles County
91335	CA	Los Angeles County
91602	CA	Los Angeles County
93063	CA	Los Angeles County
93536	CA	Los Angeles County
93539	CA	Los Angeles County
91362	CA	Los Angeles County
91401	CA	Los Angeles County
91376	CA	Los Angeles County
91392	CA	Los Angeles County
92397	CA	Los Angeles County
90631	CA	Los Angeles County
90601	CA	Los Angeles County
91732	CA	Los Angeles County
91786	CA	Los Angeles County
90083	CA	Los Angeles County
90508	CA	Los Angeles County
90053	CA	Los Angeles County
91012	CA	Los Angeles County
91396	CA	Los Angeles County
91031	CA	Los Angeles County
91109	CA	Los Angeles County
93590	CA	Los Angeles County
90608	CA	Los Angeles County
91788	CA	Los Angeles County
90264	CA	Los Angeles County
90261	CA	Los Angeles County
90296	CA	Los Angeles County
91041	CA	Los Angeles County
91615	CA	Los Angeles County
91393	CA	Los Angeles County
90831	CA	Los Angeles County
91023	CA	Los Angeles County
90076	CA	Los Angeles County
91224	CA	Los Angeles County
91009	CA	Los Angeles County
91507	CA	Los Angeles County
91395	CA	Los Angeles County
90223	CA	Los Angeles County
90307	CA	Los Angeles County
93599	CA	Los Angeles County
90895	CA	Los Angeles County
90073	CA	Los Angeles County
91124	CA	Los Angeles County
91125	CA	Los Angeles County
91499	CA	Los Angeles County
90263	CA	Los Angeles County
91470	CA	Los Angeles County
90610	CA	Los Angeles County
90015	CA	Los Angeles County
90027	CA	Los Angeles County
90025	CA	Los Angeles County
90242	CA	Los Angeles County
90255	CA	Los Angeles County
90082	CA	Los Angeles County
90224	CA	Los Angeles County
90209	CA	Los Angeles County
90072	CA	Los Angeles County
90293	CA	Los Angeles County
90402	CA	Los Angeles County
90280	CA	Los Angeles County
90502	CA	Los Angeles County
90731	CA	Los Angeles County
90802	CA	Los Angeles County
90706	CA	Los Angeles County
90803	CA	Los Angeles County
90707	CA	Los Angeles County
90029	CA	Los Angeles County
90048	CA	Los Angeles County
90031	CA	Los Angeles County
90057	CA	Los Angeles County
90055	CA	Los Angeles County
91010	CA	Los Angeles County
91017	CA	Los Angeles County
91104	CA	Los Angeles County
91303	CA	Los Angeles County
91321	CA	Los Angeles County
91325	CA	Los Angeles County
91214	CA	Los Angeles County
91337	CA	Los Angeles County
91505	CA	Los Angeles County
93544	CA	Los Angeles County
91380	CA	Los Angeles County
91402	CA	Los Angeles County
91354	CA	Los Angeles County
91356	CA	Los Angeles County
91411	CA	Los Angeles County
90623	CA	Los Angeles County
91775	CA	Los Angeles County
91789	CA	Los Angeles County
91776	CA	Los Angeles County
91766	CA	Los Angeles County
90087	CA	Los Angeles County
90078	CA	Los Angeles County
90050	CA	Los Angeles County
91309	CA	Los Angeles County
90801	CA	Los Angeles County
91365	CA	Los Angeles County
91357	CA	Los Angeles County
91116	CA	Los Angeles County
90099	CA	Los Angeles County
90081	CA	Los Angeles County
91611	CA	Los Angeles County
91184	CA	Los Angeles County
91121	CA	Los Angeles County
91521	CA	Los Angeles County
91189	CA	Los Angeles County
90509	CA	Los Angeles County
91756	CA	Los Angeles County
91182	CA	Los Angeles County
90844	CA	Los Angeles County
90006	CA	Los Angeles County
90221	CA	Los Angeles County
90250	CA	Los Angeles County
90222	CA	Los Angeles County
90077	CA	Los Angeles County
90079	CA	Los Angeles County
90094	CA	Los Angeles County
90212	CA	Los Angeles County
90089	CA	Los Angeles County
90270	CA	Los Angeles County
90272	CA	Los Angeles County
90277	CA	Los Angeles County
90292	CA	Los Angeles County
90403	CA	Los Angeles County
90712	CA	Los Angeles County
90717	CA	Los Angeles County
90037	CA	Los Angeles County
90044	CA	Los Angeles County
90045	CA	Los Angeles County
90062	CA	Los Angeles County
90056	CA	Los Angeles County
91007	CA	Los Angeles County
90807	CA	Los Angeles County
90808	CA	Los Angeles County
91011	CA	Los Angeles County
91311	CA	Los Angeles County
91324	CA	Los Angeles County
91326	CA	Los Angeles County
91316	CA	Los Angeles County
91331	CA	Los Angeles County
91607	CA	Los Angeles County
93510	CA	Los Angeles County
93551	CA	Los Angeles County
91413	CA	Los Angeles County
91406	CA	Los Angeles County
91409	CA	Los Angeles County
90603	CA	Los Angeles County
90630	CA	Los Angeles County
90652	CA	Los Angeles County
91741	CA	Los Angeles County
91706	CA	Los Angeles County
91724	CA	Los Angeles County
91715	CA	Los Angeles County
91792	CA	Los Angeles County
91803	CA	Los Angeles County
90733	CA	Los Angeles County
91333	CA	Los Angeles County
91313	CA	Los Angeles County
91221	CA	Los Angeles County
91408	CA	Los Angeles County
91308	CA	Los Angeles County
90406	CA	Los Angeles County
90809	CA	Los Angeles County
91412	CA	Los Angeles County
90832	CA	Los Angeles County
91225	CA	Los Angeles County
91077	CA	Los Angeles County
91126	CA	Los Angeles County
90030	CA	Los Angeles County
91383	CA	Los Angeles County
90747	CA	Los Angeles County
90704	CA	Los Angeles County
91896	CA	Los Angeles County
90090	CA	Los Angeles County
93639	CA	Madera County
93720	CA	Madera County
93669	CA	Madera County
93626	CA	Madera County
93620	CA	Madera County
93645	CA	Madera County
93630	CA	Madera County
93637	CA	Madera County
93644	CA	Madera County
93614	CA	Madera County
93602	CA	Madera County
93622	CA	Madera County
93636	CA	Madera County
93643	CA	Madera County
93604	CA	Madera County
93601	CA	Madera County
93610	CA	Madera County
93638	CA	Madera County
93653	CA	Madera County
94979	CA	Marin County
94924	CA	Marin County
94963	CA	Marin County
94929	CA	Marin County
94964	CA	Marin County
94950	CA	Marin County
94912	CA	Marin County
94938	CA	Marin County
94978	CA	Marin County
94913	CA	Marin County
94901	CA	Marin County
94925	CA	Marin County
94930	CA	Marin County
94947	CA	Marin County
94965	CA	Marin County
94973	CA	Marin County
94948	CA	Marin County
94970	CA	Marin County
94949	CA	Marin County
94966	CA	Marin County
94933	CA	Marin County
94940	CA	Marin County
94952	CA	Marin County
94915	CA	Marin County
94942	CA	Marin County
94976	CA	Marin County
94974	CA	Marin County
94904	CA	Marin County
94939	CA	Marin County
94945	CA	Marin County
94960	CA	Marin County
94957	CA	Marin County
94977	CA	Marin County
94903	CA	Marin County
94920	CA	Marin County
94941	CA	Marin County
94956	CA	Marin County
94937	CA	Marin County
94971	CA	Marin County
94946	CA	Marin County
94914	CA	Marin County
95369	CA	Mariposa County
95311	CA	Mariposa County
95345	CA	Mariposa County
95306	CA	Mariposa County
95338	CA	Mariposa County
93623	CA	Mariposa County
95321	CA	Mariposa County
95389	CA	Mariposa County
95325	CA	Mariposa County
95329	CA	Mariposa County
95318	CA	Mariposa County
93601	CA	Mariposa County
93653	CA	Mariposa County
95490	CA	Mendocino County
95410	CA	Mendocino County
95460	CA	Mendocino County
95429	CA	Mendocino County
95418	CA	Mendocino County
95449	CA	Mendocino County
95459	CA	Mendocino County
95494	CA	Mendocino County
95428	CA	Mendocino County
95420	CA	Mendocino County
95432	CA	Mendocino County
95589	CA	Mendocino County
95468	CA	Mendocino County
95542	CA	Mendocino County
95437	CA	Mendocino County
95481	CA	Mendocino County
95463	CA	Mendocino County
95482	CA	Mendocino County
95454	CA	Mendocino County
95427	CA	Mendocino County
95470	CA	Mendocino County
95456	CA	Mendocino County
95585	CA	Mendocino County
95445	CA	Mendocino County
95417	CA	Mendocino County
95587	CA	Mendocino County
95488	CA	Mendocino County
95466	CA	Mendocino County
95415	CA	Mendocino County
95469	CA	Mendocino County
95340	CA	Merced County
95348	CA	Merced County
95369	CA	Merced County
95374	CA	Merced County
95333	CA	Merced County
95360	CA	Merced County
95312	CA	Merced County
93620	CA	Merced County
95388	CA	Merced County
95315	CA	Merced County
95341	CA	Merced County
95316	CA	Merced County
95344	CA	Merced County
95343	CA	Merced County
93635	CA	Merced County
95322	CA	Merced County
95324	CA	Merced County
95334	CA	Merced County
95303	CA	Merced County
95380	CA	Merced County
95301	CA	Merced County
95317	CA	Merced County
93661	CA	Merced County
93622	CA	Merced County
93610	CA	Merced County
95365	CA	Merced County
93665	CA	Merced County
96134	CA	Modoc County
96104	CA	Modoc County
96112	CA	Modoc County
96006	CA	Modoc County
96115	CA	Modoc County
96101	CA	Modoc County
96015	CA	Modoc County
96054	CA	Modoc County
96116	CA	Modoc County
96056	CA	Modoc County
96108	CA	Modoc County
96110	CA	Modoc County
93546	CA	Mono County
93529	CA	Mono County
93512	CA	Mono County
93517	CA	Mono County
96107	CA	Mono County
93541	CA	Mono County
93514	CA	Mono County
96133	CA	Mono County
93426	CA	Monterey County
93923	CA	Monterey County
93960	CA	Monterey County
95004	CA	Monterey County
93922	CA	Monterey County
93921	CA	Monterey County
93450	CA	Monterey County
93933	CA	Monterey County
93924	CA	Monterey County
93902	CA	Monterey County
93942	CA	Monterey County
93943	CA	Monterey County
93925	CA	Monterey County
93915	CA	Monterey County
93940	CA	Monterey County
93927	CA	Monterey County
93955	CA	Monterey County
95076	CA	Monterey County
93944	CA	Monterey County
93930	CA	Monterey County
93950	CA	Monterey County
93451	CA	Monterey County
93908	CA	Monterey County
93906	CA	Monterey County
93928	CA	Monterey County
93901	CA	Monterey County
93905	CA	Monterey County
93926	CA	Monterey County
93954	CA	Monterey County
93210	CA	Monterey County
93907	CA	Monterey County
93912	CA	Monterey County
93953	CA	Monterey County
95012	CA	Monterey County
93920	CA	Monterey County
95039	CA	Monterey County
93962	CA	Monterey County
93932	CA	Monterey County
94574	CA	Napa County
94515	CA	Napa County
94581	CA	Napa County
94599	CA	Napa County
94508	CA	Napa County
94558	CA	Napa County
94503	CA	Napa County
94576	CA	Napa County
94567	CA	Napa County
94573	CA	Napa County
95476	CA	Napa County
95461	CA	Napa County
94559	CA	Napa County
94591	CA	Napa County
94534	CA	Napa County
94562	CA	Napa County
96162	CA	Nevada County
95946	CA	Nevada County
95977	CA	Nevada County
95924	CA	Nevada County
95728	CA	Nevada County
95602	CA	Nevada County
95986	CA	Nevada County
95712	CA	Nevada County
96161	CA	Nevada County
95949	CA	Nevada County
95975	CA	Nevada County
96160	CA	Nevada County
96111	CA	Nevada County
95945	CA	Nevada County
95960	CA	Nevada County
95959	CA	Nevada County
90638	CA	Orange County
90680	CA	Orange County
92623	CA	Orange County
92675	CA	Orange County
92662	CA	Orange County
92693	CA	Orange County
92694	CA	Orange County
92825	CA	Orange County
92870	CA	Orange County
92811	CA	Orange County
92616	CA	Orange County
92702	CA	Orange County
92602	CA	Orange County
92617	CA	Orange County
92627	CA	Orange County
92651	CA	Orange County
92661	CA	Orange County
92637	CA	Orange County
92688	CA	Orange County
92654	CA	Orange County
92782	CA	Orange County
92861	CA	Orange County
92867	CA	Orange County
92886	CA	Orange County
92655	CA	Orange County
92678	CA	Orange County
90720	CA	Orange County
90622	CA	Orange County
92609	CA	Orange County
92672	CA	Orange County
92630	CA	Orange County
92648	CA	Orange County
92692	CA	Orange County
92701	CA	Orange County
92801	CA	Orange County
92804	CA	Orange County
92808	CA	Orange County
92821	CA	Orange County
92831	CA	Orange County
92840	CA	Orange County
92803	CA	Orange County
92868	CA	Orange County
92822	CA	Orange County
92863	CA	Orange County
90721	CA	Orange County
92846	CA	Orange County
92698	CA	Orange County
92864	CA	Orange County
90624	CA	Orange County
90740	CA	Orange County
90621	CA	Orange County
90620	CA	Orange County
92603	CA	Orange County
92649	CA	Orange County
92663	CA	Orange County
92657	CA	Orange County
92677	CA	Orange County
92691	CA	Orange County
92780	CA	Orange County
92805	CA	Orange County
92807	CA	Orange County
92704	CA	Orange County
92706	CA	Orange County
92806	CA	Orange County
92841	CA	Orange County
92843	CA	Orange County
92711	CA	Orange County
92815	CA	Orange County
92869	CA	Orange County
90633	CA	Orange County
90742	CA	Orange County
92857	CA	Orange County
90743	CA	Orange County
90815	CA	Orange County
92604	CA	Orange County
92612	CA	Orange County
92618	CA	Orange County
92620	CA	Orange County
92625	CA	Orange County
92614	CA	Orange County
92629	CA	Orange County
92697	CA	Orange County
92802	CA	Orange County
92823	CA	Orange County
92844	CA	Orange County
92866	CA	Orange County
92619	CA	Orange County
92676	CA	Orange County
92684	CA	Orange County
92871	CA	Orange County
92816	CA	Orange County
90631	CA	Orange County
92610	CA	Orange County
92626	CA	Orange County
92624	CA	Orange County
92647	CA	Orange County
92673	CA	Orange County
92685	CA	Orange County
92707	CA	Orange County
92708	CA	Orange County
92781	CA	Orange County
92812	CA	Orange County
92865	CA	Orange County
92887	CA	Orange County
92817	CA	Orange County
92834	CA	Orange County
92838	CA	Orange County
92607	CA	Orange County
92859	CA	Orange County
90632	CA	Orange County
92836	CA	Orange County
90623	CA	Orange County
92653	CA	Orange County
92646	CA	Orange County
92650	CA	Orange County
92679	CA	Orange County
92703	CA	Orange County
92705	CA	Orange County
92845	CA	Orange County
92837	CA	Orange County
92832	CA	Orange County
92652	CA	Orange County
92799	CA	Orange County
92728	CA	Orange County
92735	CA	Orange County
92814	CA	Orange County
92862	CA	Orange County
90808	CA	Orange County
90630	CA	Orange County
92605	CA	Orange County
92606	CA	Orange County
92656	CA	Orange County
92660	CA	Orange County
92674	CA	Orange County
92683	CA	Orange County
92658	CA	Orange County
92690	CA	Orange County
92628	CA	Orange County
92835	CA	Orange County
92842	CA	Orange County
92856	CA	Orange County
92833	CA	Orange County
92809	CA	Orange County
92615	CA	Orange County
92659	CA	Orange County
92885	CA	Orange County
92899	CA	Orange County
95631	CA	Placer County
95722	CA	Placer County
95650	CA	Placer County
95661	CA	Placer County
95765	CA	Placer County
96146	CA	Placer County
96145	CA	Placer County
96148	CA	Placer County
95701	CA	Placer County
95703	CA	Placer County
96141	CA	Placer County
95602	CA	Placer County
95663	CA	Placer County
96143	CA	Placer County
96161	CA	Placer County
95648	CA	Placer County
95626	CA	Placer County
95658	CA	Placer County
95746	CA	Placer County
95747	CA	Placer County
95713	CA	Placer County
95714	CA	Placer County
95715	CA	Placer County
95717	CA	Placer County
95681	CA	Placer County
95610	CA	Placer County
95603	CA	Placer County
95604	CA	Placer County
95678	CA	Placer County
95677	CA	Placer County
96142	CA	Placer County
95668	CA	Placer County
96140	CA	Placer County
95736	CA	Placer County
95983	CA	Plumas County
96105	CA	Plumas County
96122	CA	Plumas County
95971	CA	Plumas County
96135	CA	Plumas County
95956	CA	Plumas County
95947	CA	Plumas County
95980	CA	Plumas County
95915	CA	Plumas County
95981	CA	Plumas County
95930	CA	Plumas County
95984	CA	Plumas County
96020	CA	Plumas County
96137	CA	Plumas County
96129	CA	Plumas County
95934	CA	Plumas County
96106	CA	Plumas County
95923	CA	Plumas County
96103	CA	Plumas County
92373	CA	Riverside County
92595	CA	Riverside County
92518	CA	Riverside County
92530	CA	Riverside County
92548	CA	Riverside County
92508	CA	Riverside County
92552	CA	Riverside County
92262	CA	Riverside County
92522	CA	Riverside County
92220	CA	Riverside County
92591	CA	Riverside County
92582	CA	Riverside County
92531	CA	Riverside County
92562	CA	Riverside County
92551	CA	Riverside County
92581	CA	Riverside County
92203	CA	Riverside County
92211	CA	Riverside County
92590	CA	Riverside County
92592	CA	Riverside County
92571	CA	Riverside County
92507	CA	Riverside County
92532	CA	Riverside County
92539	CA	Riverside County
92563	CA	Riverside County
92567	CA	Riverside County
92240	CA	Riverside County
92234	CA	Riverside County
92241	CA	Riverside County
92883	CA	Riverside County
92513	CA	Riverside County
92248	CA	Riverside County
92517	CA	Riverside County
92226	CA	Riverside County
92564	CA	Riverside County
92399	CA	Riverside County
92596	CA	Riverside County
92586	CA	Riverside County
91708	CA	Riverside County
92509	CA	Riverside County
92519	CA	Riverside County
92505	CA	Riverside County
92553	CA	Riverside County
92253	CA	Riverside County
92236	CA	Riverside County
92282	CA	Riverside County
92860	CA	Riverside County
92882	CA	Riverside County
92514	CA	Riverside County
92247	CA	Riverside County
92028	CA	Riverside County
92201	CA	Riverside County
92585	CA	Riverside County
92593	CA	Riverside County
91752	CA	Riverside County
92555	CA	Riverside County
92546	CA	Riverside County
92223	CA	Riverside County
92254	CA	Riverside County
92230	CA	Riverside County
92263	CA	Riverside County
92255	CA	Riverside County
92589	CA	Riverside County
92239	CA	Riverside County
92210	CA	Riverside County
92320	CA	Riverside County
92584	CA	Riverside County
92587	CA	Riverside County
92544	CA	Riverside County
92543	CA	Riverside County
92503	CA	Riverside County
92261	CA	Riverside County
92274	CA	Riverside County
92202	CA	Riverside County
92556	CA	Riverside County
92549	CA	Riverside County
92258	CA	Riverside County
92521	CA	Riverside County
92599	CA	Riverside County
92572	CA	Riverside County
91762	CA	Riverside County
92506	CA	Riverside County
92504	CA	Riverside County
92545	CA	Riverside County
92536	CA	Riverside County
92561	CA	Riverside County
92260	CA	Riverside County
92225	CA	Riverside County
92270	CA	Riverside County
92878	CA	Riverside County
92877	CA	Riverside County
92502	CA	Riverside County
92324	CA	Riverside County
92570	CA	Riverside County
92583	CA	Riverside County
92557	CA	Riverside County
92501	CA	Riverside County
92516	CA	Riverside County
92264	CA	Riverside County
92235	CA	Riverside County
92276	CA	Riverside County
92879	CA	Riverside County
92880	CA	Riverside County
92881	CA	Riverside County
95630	CA	Sacramento County
95683	CA	Sacramento County
95820	CA	Sacramento County
95864	CA	Sacramento County
95826	CA	Sacramento County
95690	CA	Sacramento County
95661	CA	Sacramento County
95611	CA	Sacramento County
95812	CA	Sacramento County
95823	CA	Sacramento County
95835	CA	Sacramento County
95671	CA	Sacramento County
95662	CA	Sacramento County
95814	CA	Sacramento County
95818	CA	Sacramento County
95838	CA	Sacramento County
95831	CA	Sacramento County
95833	CA	Sacramento County
95759	CA	Sacramento County
95853	CA	Sacramento County
95628	CA	Sacramento County
95621	CA	Sacramento County
95741	CA	Sacramento County
95819	CA	Sacramento County
95830	CA	Sacramento County
95840	CA	Sacramento County
95626	CA	Sacramento County
95673	CA	Sacramento County
95670	CA	Sacramento County
95652	CA	Sacramento County
95660	CA	Sacramento County
95757	CA	Sacramento County
95815	CA	Sacramento County
95822	CA	Sacramento County
95693	CA	Sacramento County
95828	CA	Sacramento County
95834	CA	Sacramento County
95860	CA	Sacramento County
95842	CA	Sacramento County
95813	CA	Sacramento County
95867	CA	Sacramento County
95836	CA	Sacramento County
94571	CA	Sacramento County
95624	CA	Sacramento County
95632	CA	Sacramento County
95825	CA	Sacramento County
95821	CA	Sacramento County
95841	CA	Sacramento County
95827	CA	Sacramento County
95843	CA	Sacramento County
95837	CA	Sacramento County
95866	CA	Sacramento County
95894	CA	Sacramento County
95816	CA	Sacramento County
95824	CA	Sacramento County
95829	CA	Sacramento County
95832	CA	Sacramento County
95638	CA	Sacramento County
95641	CA	Sacramento County
95851	CA	Sacramento County
95615	CA	Sacramento County
95608	CA	Sacramento County
95610	CA	Sacramento County
95609	CA	Sacramento County
95655	CA	Sacramento County
95758	CA	Sacramento County
95811	CA	Sacramento County
95678	CA	Sacramento County
95817	CA	Sacramento County
95742	CA	Sacramento County
95852	CA	Sacramento County
95763	CA	Sacramento County
95865	CA	Sacramento County
95639	CA	Sacramento County
95680	CA	Sacramento County
95004	CA	San Benito County
93925	CA	San Benito County
95043	CA	San Benito County
95024	CA	San Benito County
95075	CA	San Benito County
95045	CA	San Benito County
95023	CA	San Benito County
92344	CA	San Bernardino County
92345	CA	San Bernardino County
92373	CA	San Bernardino County
92356	CA	San Bernardino County
92394	CA	San Bernardino County
92335	CA	San Bernardino County
92404	CA	San Bernardino County
91730	CA	San Bernardino County
91764	CA	San Bernardino County
92372	CA	San Bernardino County
91785	CA	San Bernardino County
92305	CA	San Bernardino County
92317	CA	San Bernardino County
91759	CA	San Bernardino County
92352	CA	San Bernardino County
92402	CA	San Bernardino County
91784	CA	San Bernardino County
91763	CA	San Bernardino County
92423	CA	San Bernardino County
92277	CA	San Bernardino County
92284	CA	San Bernardino County
92285	CA	San Bernardino County
92332	CA	San Bernardino County
92366	CA	San Bernardino County
92312	CA	San Bernardino County
92369	CA	San Bernardino County
92418	CA	San Bernardino County
93555	CA	San Bernardino County
92313	CA	San Bernardino County
92316	CA	San Bernardino County
92365	CA	San Bernardino County
92368	CA	San Bernardino County
92342	CA	San Bernardino County
92406	CA	San Bernardino County
91709	CA	San Bernardino County
92364	CA	San Bernardino County
92340	CA	San Bernardino County
92315	CA	San Bernardino County
92393	CA	San Bernardino County
92382	CA	San Bernardino County
92304	CA	San Bernardino County
92403	CA	San Bernardino County
92318	CA	San Bernardino County
92399	CA	San Bernardino County
91710	CA	San Bernardino County
91737	CA	San Bernardino County
91708	CA	San Bernardino County
92509	CA	San Bernardino County
92256	CA	San Bernardino County
92386	CA	San Bernardino County
92278	CA	San Bernardino County
93562	CA	San Bernardino County
92392	CA	San Bernardino County
92374	CA	San Bernardino County
92363	CA	San Bernardino County
92310	CA	San Bernardino County
92407	CA	San Bernardino County
91701	CA	San Bernardino County
91761	CA	San Bernardino County
91729	CA	San Bernardino County
91752	CA	San Bernardino County
92223	CA	San Bernardino County
92301	CA	San Bernardino County
92329	CA	San Bernardino County
92401	CA	San Bernardino County
92391	CA	San Bernardino County
92350	CA	San Bernardino County
92331	CA	San Bernardino County
92280	CA	San Bernardino County
92322	CA	San Bernardino County
92341	CA	San Bernardino County
92267	CA	San Bernardino County
93516	CA	San Bernardino County
92336	CA	San Bernardino County
92346	CA	San Bernardino County
92359	CA	San Bernardino County
92371	CA	San Bernardino County
92311	CA	San Bernardino County
92377	CA	San Bernardino County
92395	CA	San Bernardino County
92397	CA	San Bernardino County
92314	CA	San Bernardino County
92320	CA	San Bernardino County
91786	CA	San Bernardino County
92411	CA	San Bernardino County
92309	CA	San Bernardino County
92385	CA	San Bernardino County
92378	CA	San Bernardino County
92358	CA	San Bernardino County
92376	CA	San Bernardino County
92325	CA	San Bernardino County
91739	CA	San Bernardino County
91762	CA	San Bernardino County
91766	CA	San Bernardino County
92410	CA	San Bernardino County
92225	CA	San Bernardino County
92252	CA	San Bernardino County
92308	CA	San Bernardino County
92375	CA	San Bernardino County
92242	CA	San Bernardino County
92339	CA	San Bernardino County
92338	CA	San Bernardino County
92321	CA	San Bernardino County
92268	CA	San Bernardino County
92324	CA	San Bernardino County
92405	CA	San Bernardino County
92354	CA	San Bernardino County
92337	CA	San Bernardino County
92347	CA	San Bernardino County
92408	CA	San Bernardino County
92413	CA	San Bernardino County
92427	CA	San Bernardino County
92307	CA	San Bernardino County
92880	CA	San Bernardino County
92333	CA	San Bernardino County
92327	CA	San Bernardino County
92334	CA	San Bernardino County
92286	CA	San Bernardino County
92415	CA	San Bernardino County
91743	CA	San Bernardino County
92398	CA	San Bernardino County
92323	CA	San Bernardino County
92357	CA	San Bernardino County
91901	CA	San Diego County
91950	CA	San Diego County
91945	CA	San Diego County
92036	CA	San Diego County
92037	CA	San Diego County
92109	CA	San Diego County
92111	CA	San Diego County
92093	CA	San Diego County
92120	CA	San Diego County
92119	CA	San Diego County
92169	CA	San Diego County
92192	CA	San Diego County
92030	CA	San Diego County
92066	CA	San Diego County
92153	CA	San Diego County
92166	CA	San Diego County
92136	CA	San Diego County
91946	CA	San Diego County
92013	CA	San Diego County
92175	CA	San Diego County
92191	CA	San Diego County
91931	CA	San Diego County
92199	CA	San Diego County
91911	CA	San Diego County
92004	CA	San Diego County
92020	CA	San Diego County
91941	CA	San Diego County
91943	CA	San Diego County
92007	CA	San Diego County
92102	CA	San Diego County
92064	CA	San Diego County
92061	CA	San Diego County
92116	CA	San Diego County
92196	CA	San Diego County
92132	CA	San Diego County
91963	CA	San Diego County
92051	CA	San Diego County
92052	CA	San Diego County
92055	CA	San Diego County
92158	CA	San Diego County
92179	CA	San Diego County
92197	CA	San Diego County
92022	CA	San Diego County
92023	CA	San Diego County
91932	CA	San Diego County
92018	CA	San Diego County
92027	CA	San Diego County
91914	CA	San Diego County
91978	CA	San Diego County
92105	CA	San Diego County
92108	CA	San Diego County
92058	CA	San Diego County
92085	CA	San Diego County
92114	CA	San Diego County
92173	CA	San Diego County
92176	CA	San Diego County
92592	CA	San Diego County
92672	CA	San Diego County
92039	CA	San Diego County
92134	CA	San Diego County
92060	CA	San Diego County
91910	CA	San Diego County
92008	CA	San Diego County
92011	CA	San Diego County
92014	CA	San Diego County
92024	CA	San Diego County
91977	CA	San Diego County
92009	CA	San Diego County
92101	CA	San Diego County
92069	CA	San Diego County
92081	CA	San Diego County
92067	CA	San Diego County
92110	CA	San Diego County
92138	CA	San Diego County
92113	CA	San Diego County
92126	CA	San Diego County
92130	CA	San Diego County
92117	CA	San Diego County
92127	CA	San Diego County
92152	CA	San Diego County
92195	CA	San Diego County
92072	CA	San Diego County
92159	CA	San Diego County
92174	CA	San Diego County
92046	CA	San Diego County
92142	CA	San Diego County
92074	CA	San Diego County
92049	CA	San Diego County
92068	CA	San Diego County
91917	CA	San Diego County
92096	CA	San Diego County
91908	CA	San Diego County
91915	CA	San Diego County
92028	CA	San Diego County
92029	CA	San Diego County
92054	CA	San Diego County
91951	CA	San Diego County
91916	CA	San Diego County
91962	CA	San Diego County
91976	CA	San Diego County
92103	CA	San Diego County
92131	CA	San Diego County
92079	CA	San Diego County
92143	CA	San Diego County
92170	CA	San Diego County
92171	CA	San Diego County
92168	CA	San Diego County
91980	CA	San Diego County
92165	CA	San Diego County
92160	CA	San Diego County
91906	CA	San Diego County
91942	CA	San Diego County
92040	CA	San Diego County
91934	CA	San Diego County
92083	CA	San Diego County
92084	CA	San Diego County
92104	CA	San Diego County
92065	CA	San Diego County
92059	CA	San Diego County
92086	CA	San Diego County
92122	CA	San Diego County
92123	CA	San Diego County
92115	CA	San Diego County
92150	CA	San Diego County
92163	CA	San Diego County
91912	CA	San Diego County
91944	CA	San Diego County
92137	CA	San Diego County
92167	CA	San Diego County
91903	CA	San Diego County
91902	CA	San Diego County
92021	CA	San Diego County
92025	CA	San Diego County
92010	CA	San Diego County
92019	CA	San Diego County
92003	CA	San Diego County
92071	CA	San Diego County
92056	CA	San Diego County
92075	CA	San Diego County
92078	CA	San Diego County
92088	CA	San Diego County
92107	CA	San Diego County
92070	CA	San Diego County
92121	CA	San Diego County
92124	CA	San Diego County
92128	CA	San Diego County
92129	CA	San Diego County
92118	CA	San Diego County
92154	CA	San Diego County
92172	CA	San Diego County
92536	CA	San Diego County
92112	CA	San Diego County
91905	CA	San Diego County
92178	CA	San Diego County
92147	CA	San Diego County
92193	CA	San Diego County
92155	CA	San Diego County
92145	CA	San Diego County
92135	CA	San Diego County
91913	CA	San Diego County
92026	CA	San Diego County
91933	CA	San Diego County
92033	CA	San Diego County
91921	CA	San Diego County
92038	CA	San Diego County
91935	CA	San Diego County
92082	CA	San Diego County
92091	CA	San Diego County
92057	CA	San Diego County
92106	CA	San Diego County
92139	CA	San Diego County
92140	CA	San Diego County
92198	CA	San Diego County
92177	CA	San Diego County
91979	CA	San Diego County
92149	CA	San Diego County
92092	CA	San Diego County
92182	CA	San Diego County
91948	CA	San Diego County
92161	CA	San Diego County
94109	CA	San Francisco County
94131	CA	San Francisco County
94158	CA	San Francisco County
94127	CA	San Francisco County
94126	CA	San Francisco County
94164	CA	San Francisco County
94147	CA	San Francisco County
94121	CA	San Francisco County
94123	CA	San Francisco County
94118	CA	San Francisco County
94117	CA	San Francisco County
94014	CA	San Francisco County
94188	CA	San Francisco County
94159	CA	San Francisco County
94110	CA	San Francisco County
94129	CA	San Francisco County
94141	CA	San Francisco County
94107	CA	San Francisco County
94124	CA	San Francisco County
94134	CA	San Francisco County
94103	CA	San Francisco County
94104	CA	San Francisco County
94105	CA	San Francisco County
94112	CA	San Francisco County
94122	CA	San Francisco County
94133	CA	San Francisco County
94132	CA	San Francisco County
94143	CA	San Francisco County
94140	CA	San Francisco County
94108	CA	San Francisco County
94116	CA	San Francisco County
94102	CA	San Francisco County
94111	CA	San Francisco County
94114	CA	San Francisco County
94115	CA	San Francisco County
94130	CA	San Francisco County
94119	CA	San Francisco County
94146	CA	San Francisco County
95202	CA	San Joaquin County
95237	CA	San Joaquin County
95690	CA	San Joaquin County
95213	CA	San Joaquin County
95208	CA	San Joaquin County
95253	CA	San Joaquin County
95211	CA	San Joaquin County
95227	CA	San Joaquin County
95204	CA	San Joaquin County
95205	CA	San Joaquin County
95336	CA	San Joaquin County
95366	CA	San Joaquin County
95320	CA	San Joaquin County
95385	CA	San Joaquin County
95686	CA	San Joaquin County
95240	CA	San Joaquin County
95215	CA	San Joaquin County
95210	CA	San Joaquin County
95220	CA	San Joaquin County
95231	CA	San Joaquin County
95209	CA	San Joaquin County
95258	CA	San Joaquin County
95203	CA	San Joaquin County
95206	CA	San Joaquin County
95377	CA	San Joaquin County
95269	CA	San Joaquin County
95267	CA	San Joaquin County
95207	CA	San Joaquin County
95219	CA	San Joaquin County
95632	CA	San Joaquin County
95337	CA	San Joaquin County
95330	CA	San Joaquin County
95241	CA	San Joaquin County
95378	CA	San Joaquin County
95236	CA	San Joaquin County
95391	CA	San Joaquin County
95304	CA	San Joaquin County
95367	CA	San Joaquin County
95376	CA	San Joaquin County
95201	CA	San Joaquin County
95234	CA	San Joaquin County
95212	CA	San Joaquin County
95242	CA	San Joaquin County
95361	CA	San Joaquin County
95230	CA	San Joaquin County
93420	CA	San Luis Obispo County
93406	CA	San Luis Obispo County
93445	CA	San Luis Obispo County
93421	CA	San Luis Obispo County
93426	CA	San Luis Obispo County
93443	CA	San Luis Obispo County
93435	CA	San Luis Obispo County
93453	CA	San Luis Obispo County
93409	CA	San Luis Obispo County
93428	CA	San Luis Obispo County
93452	CA	San Luis Obispo County
93424	CA	San Luis Obispo County
93446	CA	San Luis Obispo County
93430	CA	San Luis Obispo County
93444	CA	San Luis Obispo County
93408	CA	San Luis Obispo County
93407	CA	San Luis Obispo County
93410	CA	San Luis Obispo County
93423	CA	San Luis Obispo County
93449	CA	San Luis Obispo County
93465	CA	San Luis Obispo County
93461	CA	San Luis Obispo County
93254	CA	San Luis Obispo County
93405	CA	San Luis Obispo County
93402	CA	San Luis Obispo County
93442	CA	San Luis Obispo County
93422	CA	San Luis Obispo County
93432	CA	San Luis Obispo County
93403	CA	San Luis Obispo County
93412	CA	San Luis Obispo County
93433	CA	San Luis Obispo County
93454	CA	San Luis Obispo County
93458	CA	San Luis Obispo County
93252	CA	San Luis Obispo County
93451	CA	San Luis Obispo County
93447	CA	San Luis Obispo County
93448	CA	San Luis Obispo County
93483	CA	San Luis Obispo County
93401	CA	San Luis Obispo County
93475	CA	San Luis Obispo County
94404	CA	San Mateo County
94128	CA	San Mateo County
94011	CA	San Mateo County
94017	CA	San Mateo County
94080	CA	San Mateo County
94070	CA	San Mateo County
94014	CA	San Mateo County
94025	CA	San Mateo County
94030	CA	San Mateo County
94044	CA	San Mateo County
94065	CA	San Mateo County
94497	CA	San Mateo County
94066	CA	San Mateo County
94027	CA	San Mateo County
94021	CA	San Mateo County
94401	CA	San Mateo County
94002	CA	San Mateo County
94010	CA	San Mateo County
94028	CA	San Mateo County
94063	CA	San Mateo County
94125	CA	San Mateo County
94303	CA	San Mateo County
94134	CA	San Mateo County
94015	CA	San Mateo County
94018	CA	San Mateo County
94074	CA	San Mateo County
94026	CA	San Mateo County
94112	CA	San Mateo County
94403	CA	San Mateo County
94019	CA	San Mateo County
94038	CA	San Mateo County
94402	CA	San Mateo County
94005	CA	San Mateo County
94064	CA	San Mateo County
94020	CA	San Mateo County
94061	CA	San Mateo County
94062	CA	San Mateo County
94037	CA	San Mateo County
94083	CA	San Mateo County
94060	CA	San Mateo County
93105	CA	Santa Barbara County
93116	CA	Santa Barbara County
93437	CA	Santa Barbara County
93102	CA	Santa Barbara County
93120	CA	Santa Barbara County
93440	CA	Santa Barbara County
93427	CA	Santa Barbara County
93101	CA	Santa Barbara County
93118	CA	Santa Barbara County
93160	CA	Santa Barbara County
93441	CA	Santa Barbara County
93436	CA	Santa Barbara County
93109	CA	Santa Barbara County
93111	CA	Santa Barbara County
93106	CA	Santa Barbara County
93254	CA	Santa Barbara County
93429	CA	Santa Barbara County
93013	CA	Santa Barbara County
93455	CA	Santa Barbara County
93190	CA	Santa Barbara County
93110	CA	Santa Barbara County
93108	CA	Santa Barbara County
93457	CA	Santa Barbara County
93438	CA	Santa Barbara County
93014	CA	Santa Barbara County
93434	CA	Santa Barbara County
93454	CA	Santa Barbara County
93463	CA	Santa Barbara County
93458	CA	Santa Barbara County
93456	CA	Santa Barbara County
93252	CA	Santa Barbara County
93117	CA	Santa Barbara County
93130	CA	Santa Barbara County
93150	CA	Santa Barbara County
93464	CA	Santa Barbara County
93460	CA	Santa Barbara County
93103	CA	Santa Barbara County
93140	CA	Santa Barbara County
93121	CA	Santa Barbara County
93067	CA	Santa Barbara County
93199	CA	Santa Barbara County
94550	CA	Santa Clara County
94040	CA	Santa Clara County
95033	CA	Santa Clara County
95111	CA	Santa Clara County
95113	CA	Santa Clara County
95132	CA	Santa Clara County
95122	CA	Santa Clara County
95138	CA	Santa Clara County
95150	CA	Santa Clara County
95172	CA	Santa Clara County
95071	CA	Santa Clara County
95164	CA	Santa Clara County
95109	CA	Santa Clara County
95141	CA	Santa Clara County
94089	CA	Santa Clara County
94301	CA	Santa Clara County
95030	CA	Santa Clara County
95119	CA	Santa Clara County
95121	CA	Santa Clara County
95156	CA	Santa Clara County
95101	CA	Santa Clara County
94306	CA	Santa Clara County
94024	CA	Santa Clara County
95035	CA	Santa Clara County
95070	CA	Santa Clara County
95129	CA	Santa Clara County
95130	CA	Santa Clara County
95127	CA	Santa Clara County
95123	CA	Santa Clara County
95153	CA	Santa Clara County
95002	CA	Santa Clara County
95154	CA	Santa Clara County
94085	CA	Santa Clara County
94304	CA	Santa Clara County
94028	CA	Santa Clara County
95037	CA	Santa Clara County
95050	CA	Santa Clara County
95076	CA	Santa Clara County
95120	CA	Santa Clara County
95118	CA	Santa Clara County
95131	CA	Santa Clara County
95170	CA	Santa Clara County
95134	CA	Santa Clara County
95135	CA	Santa Clara County
95021	CA	Santa Clara County
95011	CA	Santa Clara County
95158	CA	Santa Clara County
95157	CA	Santa Clara County
94035	CA	Santa Clara County
95191	CA	Santa Clara County
95013	CA	Santa Clara County
94087	CA	Santa Clara County
94303	CA	Santa Clara County
95051	CA	Santa Clara County
95032	CA	Santa Clara County
95056	CA	Santa Clara County
95110	CA	Santa Clara County
95124	CA	Santa Clara County
95125	CA	Santa Clara County
95044	CA	Santa Clara County
95151	CA	Santa Clara County
95155	CA	Santa Clara County
95015	CA	Santa Clara County
95055	CA	Santa Clara County
95103	CA	Santa Clara County
94086	CA	Santa Clara County
95008	CA	Santa Clara County
94043	CA	Santa Clara County
95054	CA	Santa Clara County
95112	CA	Santa Clara County
95117	CA	Santa Clara County
95136	CA	Santa Clara County
95026	CA	Santa Clara County
95009	CA	Santa Clara County
94088	CA	Santa Clara County
95052	CA	Santa Clara County
94042	CA	Santa Clara County
94039	CA	Santa Clara County
95192	CA	Santa Clara County
94023	CA	Santa Clara County
95046	CA	Santa Clara County
95023	CA	Santa Clara County
95116	CA	Santa Clara County
95126	CA	Santa Clara County
95159	CA	Santa Clara County
95036	CA	Santa Clara County
94020	CA	Santa Clara County
95161	CA	Santa Clara County
95152	CA	Santa Clara County
94302	CA	Santa Clara County
94305	CA	Santa Clara County
94022	CA	Santa Clara County
94041	CA	Santa Clara County
95020	CA	Santa Clara County
95014	CA	Santa Clara County
95038	CA	Santa Clara County
95128	CA	Santa Clara County
95133	CA	Santa Clara County
95148	CA	Santa Clara County
95140	CA	Santa Clara County
95031	CA	Santa Clara County
95173	CA	Santa Clara County
95139	CA	Santa Clara County
95108	CA	Santa Clara County
95160	CA	Santa Clara County
95106	CA	Santa Clara County
95033	CA	Santa Cruz County
95010	CA	Santa Cruz County
95061	CA	Santa Cruz County
95017	CA	Santa Cruz County
95077	CA	Santa Cruz County
95006	CA	Santa Cruz County
95062	CA	Santa Cruz County
95076	CA	Santa Cruz County
95019	CA	Santa Cruz County
95007	CA	Santa Cruz County
95073	CA	Santa Cruz County
95041	CA	Santa Cruz County
95060	CA	Santa Cruz County
95065	CA	Santa Cruz County
95003	CA	Santa Cruz County
95005	CA	Santa Cruz County
95018	CA	Santa Cruz County
95001	CA	Santa Cruz County
95067	CA	Santa Cruz County
95066	CA	Santa Cruz County
95063	CA	Santa Cruz County
94060	CA	Santa Cruz County
95064	CA	Santa Cruz County
96001	CA	Shasta County
96022	CA	Shasta County
96062	CA	Shasta County
96076	CA	Shasta County
96099	CA	Shasta County
96051	CA	Shasta County
96019	CA	Shasta County
96096	CA	Shasta County
96047	CA	Shasta County
96040	CA	Shasta County
96087	CA	Shasta County
96095	CA	Shasta County
96089	CA	Shasta County
96002	CA	Shasta County
96073	CA	Shasta County
96017	CA	Shasta County
96049	CA	Shasta County
96069	CA	Shasta County
96011	CA	Shasta County
96056	CA	Shasta County
96059	CA	Shasta County
96071	CA	Shasta County
96007	CA	Shasta County
96028	CA	Shasta County
96088	CA	Shasta County
96065	CA	Shasta County
96033	CA	Shasta County
96016	CA	Shasta County
96084	CA	Shasta County
96025	CA	Shasta County
96008	CA	Shasta County
96003	CA	Shasta County
96013	CA	Shasta County
96118	CA	Sierra County
95922	CA	Sierra County
95910	CA	Sierra County
96125	CA	Sierra County
95936	CA	Sierra County
95960	CA	Sierra County
96124	CA	Sierra County
95944	CA	Sierra County
96126	CA	Sierra County
96134	CA	Siskiyou County
96031	CA	Siskiyou County
96085	CA	Siskiyou County
96067	CA	Siskiyou County
96014	CA	Siskiyou County
96038	CA	Siskiyou County
96097	CA	Siskiyou County
96032	CA	Siskiyou County
96058	CA	Siskiyou County
96086	CA	Siskiyou County
96094	CA	Siskiyou County
96044	CA	Siskiyou County
96039	CA	Siskiyou County
96037	CA	Siskiyou County
96025	CA	Siskiyou County
96027	CA	Siskiyou County
96050	CA	Siskiyou County
96064	CA	Siskiyou County
96034	CA	Siskiyou County
95568	CA	Siskiyou County
96023	CA	Siskiyou County
96057	CA	Siskiyou County
94590	CA	Solano County
95616	CA	Solano County
95690	CA	Solano County
94533	CA	Solano County
95688	CA	Solano County
94558	CA	Solano County
94512	CA	Solano County
94503	CA	Solano County
95618	CA	Solano County
95620	CA	Solano County
95696	CA	Solano County
94592	CA	Solano County
94589	CA	Solano County
94591	CA	Solano County
95625	CA	Solano County
94510	CA	Solano County
94571	CA	Solano County
95687	CA	Solano County
94535	CA	Solano County
94585	CA	Solano County
95694	CA	Solano County
94534	CA	Solano County
95448	CA	Sonoma County
94574	CA	Sonoma County
95452	CA	Sonoma County
95416	CA	Sonoma County
94953	CA	Sonoma County
95425	CA	Sonoma County
94515	CA	Sonoma County
95405	CA	Sonoma County
95441	CA	Sonoma County
95419	CA	Sonoma County
94975	CA	Sonoma County
95430	CA	Sonoma County
95421	CA	Sonoma County
94558	CA	Sonoma County
94931	CA	Sonoma County
95412	CA	Sonoma County
94955	CA	Sonoma County
95444	CA	Sonoma County
95487	CA	Sonoma County
95486	CA	Sonoma County
94928	CA	Sonoma County
95404	CA	Sonoma County
95402	CA	Sonoma County
95465	CA	Sonoma County
95497	CA	Sonoma County
95476	CA	Sonoma County
95442	CA	Sonoma County
95436	CA	Sonoma County
95461	CA	Sonoma County
94952	CA	Sonoma County
95403	CA	Sonoma County
94954	CA	Sonoma County
95433	CA	Sonoma County
94923	CA	Sonoma County
95450	CA	Sonoma County
95471	CA	Sonoma County
95473	CA	Sonoma County
94972	CA	Sonoma County
95407	CA	Sonoma County
94945	CA	Sonoma County
95462	CA	Sonoma County
94922	CA	Sonoma County
95431	CA	Sonoma County
95472	CA	Sonoma County
95445	CA	Sonoma County
95401	CA	Sonoma County
94951	CA	Sonoma County
95406	CA	Sonoma County
94927	CA	Sonoma County
95480	CA	Sonoma County
94999	CA	Sonoma County
95409	CA	Sonoma County
95492	CA	Sonoma County
95446	CA	Sonoma County
95439	CA	Sonoma County
94550	CA	Stanislaus County
95351	CA	Stanislaus County
95352	CA	Stanislaus County
95354	CA	Stanislaus County
95353	CA	Stanislaus County
95313	CA	Stanislaus County
95382	CA	Stanislaus County
95358	CA	Stanislaus County
95360	CA	Stanislaus County
95385	CA	Stanislaus County
95356	CA	Stanislaus County
95328	CA	Stanislaus County
95323	CA	Stanislaus County
95319	CA	Stanislaus County
95387	CA	Stanislaus County
95326	CA	Stanislaus County
95350	CA	Stanislaus County
95316	CA	Stanislaus County
95386	CA	Stanislaus County
95322	CA	Stanislaus County
95357	CA	Stanislaus County
95324	CA	Stanislaus County
95363	CA	Stanislaus County
95380	CA	Stanislaus County
95307	CA	Stanislaus County
95329	CA	Stanislaus County
95367	CA	Stanislaus County
95397	CA	Stanislaus County
95355	CA	Stanislaus County
95361	CA	Stanislaus County
95368	CA	Stanislaus County
95381	CA	Stanislaus County
95230	CA	Stanislaus County
95645	CA	Sutter County
95948	CA	Sutter County
95991	CA	Sutter County
95993	CA	Sutter County
95626	CA	Sutter County
95674	CA	Sutter County
95982	CA	Sutter County
95659	CA	Sutter County
95836	CA	Sutter County
95676	CA	Sutter County
95837	CA	Sutter County
95692	CA	Sutter County
95957	CA	Sutter County
95953	CA	Sutter County
95992	CA	Sutter County
95668	CA	Sutter County
96022	CA	Tehama County
96078	CA	Tehama County
96021	CA	Tehama County
96076	CA	Tehama County
96063	CA	Tehama County
95963	CA	Tehama County
95973	CA	Tehama County
96080	CA	Tehama County
96059	CA	Tehama County
96090	CA	Tehama County
96061	CA	Tehama County
96092	CA	Tehama County
96007	CA	Tehama County
96055	CA	Tehama County
96035	CA	Tehama County
96074	CA	Tehama County
96029	CA	Tehama County
96075	CA	Tehama County
95595	CA	Trinity County
96076	CA	Trinity County
96046	CA	Trinity County
95526	CA	Trinity County
96052	CA	Trinity County
96091	CA	Trinity County
95527	CA	Trinity County
96093	CA	Trinity County
96024	CA	Trinity County
96041	CA	Trinity County
95552	CA	Trinity County
96048	CA	Trinity County
96010	CA	Trinity County
93247	CA	Tulare County
93223	CA	Tulare County
93286	CA	Tulare County
93647	CA	Tulare County
93675	CA	Tulare County
93673	CA	Tulare County
93244	CA	Tulare County
93666	CA	Tulare County
93215	CA	Tulare County
93221	CA	Tulare County
93258	CA	Tulare County
93291	CA	Tulare County
93256	CA	Tulare County
93641	CA	Tulare County
93278	CA	Tulare County
93275	CA	Tulare County
93603	CA	Tulare County
93290	CA	Tulare County
93654	CA	Tulare County
93633	CA	Tulare County
93292	CA	Tulare County
93271	CA	Tulare County
93274	CA	Tulare County
93279	CA	Tulare County
93670	CA	Tulare County
93615	CA	Tulare County
93260	CA	Tulare County
93218	CA	Tulare County
93237	CA	Tulare County
93219	CA	Tulare County
93230	CA	Tulare County
93272	CA	Tulare County
93618	CA	Tulare County
93646	CA	Tulare County
93631	CA	Tulare County
93208	CA	Tulare County
93261	CA	Tulare County
93227	CA	Tulare County
93212	CA	Tulare County
93235	CA	Tulare County
93262	CA	Tulare County
93201	CA	Tulare County
93257	CA	Tulare County
93277	CA	Tulare County
93267	CA	Tulare County
93265	CA	Tulare County
93270	CA	Tulare County
93207	CA	Tulare County
95311	CA	Tuolumne County
95373	CA	Tuolumne County
95364	CA	Tuolumne County
95305	CA	Tuolumne County
95321	CA	Tuolumne County
95310	CA	Tuolumne County
95383	CA	Tuolumne County
95335	CA	Tuolumne County
95379	CA	Tuolumne County
95327	CA	Tuolumne County
95370	CA	Tuolumne County
95372	CA	Tuolumne County
95347	CA	Tuolumne County
95329	CA	Tuolumne County
95375	CA	Tuolumne County
95309	CA	Tuolumne County
95346	CA	Tuolumne County
91304	CA	Ventura County
91307	CA	Ventura County
93015	CA	Ventura County
93023	CA	Ventura County
93060	CA	Ventura County
93034	CA	Ventura County
93024	CA	Ventura County
91359	CA	Ventura County
90265	CA	Ventura County
93004	CA	Ventura County
93006	CA	Ventura County
93012	CA	Ventura County
93041	CA	Ventura County
93065	CA	Ventura County
93043	CA	Ventura County
93064	CA	Ventura County
93009	CA	Ventura County
91320	CA	Ventura County
93021	CA	Ventura County
91361	CA	Ventura County
91377	CA	Ventura County
93031	CA	Ventura County
93040	CA	Ventura County
93032	CA	Ventura County
93066	CA	Ventura County
91360	CA	Ventura County
93010	CA	Ventura County
93013	CA	Ventura County
93033	CA	Ventura County
93036	CA	Ventura County
93044	CA	Ventura County
93062	CA	Ventura County
91358	CA	Ventura County
93042	CA	Ventura County
93007	CA	Ventura County
93001	CA	Ventura County
93063	CA	Ventura County
93252	CA	Ventura County
91362	CA	Ventura County
91319	CA	Ventura County
93094	CA	Ventura County
93020	CA	Ventura County
93016	CA	Ventura County
93030	CA	Ventura County
93011	CA	Ventura County
93005	CA	Ventura County
93061	CA	Ventura County
91311	CA	Ventura County
93003	CA	Ventura County
93002	CA	Ventura County
93022	CA	Ventura County
93035	CA	Ventura County
93225	CA	Ventura County
93099	CA	Ventura County
95616	CA	Yolo County
95645	CA	Yolo County
95697	CA	Yolo County
95691	CA	Yolo County
95627	CA	Yolo County
95637	CA	Yolo County
95618	CA	Yolo County
95620	CA	Yolo County
95799	CA	Yolo County
95695	CA	Yolo County
95612	CA	Yolo County
95607	CA	Yolo County
95606	CA	Yolo County
95937	CA	Yolo County
95653	CA	Yolo County
95617	CA	Yolo County
95694	CA	Yolo County
95912	CA	Yolo County
95798	CA	Yolo County
95615	CA	Yolo County
95679	CA	Yolo County
95698	CA	Yolo County
95605	CA	Yolo County
95776	CA	Yolo County
95977	CA	Yuba County
95935	CA	Yuba County
95901	CA	Yuba County
95914	CA	Yuba County
95925	CA	Yuba County
95962	CA	Yuba County
95972	CA	Yuba County
95903	CA	Yuba County
95922	CA	Yuba County
95981	CA	Yuba County
95961	CA	Yuba County
95692	CA	Yuba County
95941	CA	Yuba County
95960	CA	Yuba County
95919	CA	Yuba County
95966	CA	Yuba County
95918	CA	Yuba County
